{"cameraMode":{"drawMode":0,"name":"Shaded","section":"Shading Mode"},"sceneLighting":true,"audioPlay":false,"sceneViewState":{"showFog":true,"showMaterialUpdate":false,"showSkybox":true,"showFlares":true,"showImageEffects":true,"showParticleSystems":true},"in2DMode":false,"pivot":{"x":-0.611328125,"y":-0.4844093322753906,"z":0.055419921875},"rotation":{"x":0.04006987810134888,"y":-0.14338508248329163,"z":0.005810271017253399,"w":0.9888384342193604},"size":4.101070880889893,"orthographic":true}